{
  "SENTINEL GET-MASTER-ADDR-BY-NAME": {
    "arguments": [
      {
        "name": "master",
        "type": "string"
      }
    ],
    "group": "sentinel"
  },
  "SENTINEL SENTINELS": {
    "arguments": [
      {
        "name": "master",
        "type": "string"
      }
    ],
    "group": "sentinel"
  },
  "SENTINEL FAILOVER": {
    "arguments": [
      {
        "name": "master",
        "type": "string"
      }
    ],
    "group": "sentinel"
  },
  "SENTINEL REPLICAS": {
    "arguments": [
      {
        "name": "master",
        "type": "string"
      }
    ],
    "group": "sentinel"
  }
}