{
  "GRAPH.QUERY": {
    "summary": "Executes the given query against a specified graph",
    "arguments": [
      {
        "name": "graph",
        "type": "key"
      },
      {
        "name": "query",
        "type": "string",
        "dsl": "cypher"
      },
      {
        "name": "timeout",
        "type": "integer",
        "optional": true,
        "command": "TIMEOUT"
      }
    ],
    "since": "1.0.0",
    "group": "graph"
  },
  "GRAPH.RO_QUERY": {
    "summary": "Executes a given read only query against a specified graph",
    "arguments": [
      {
        "name": "graph",
        "type": "key"
      },
      {
        "name": "query",
        "type": "string",
        "dsl": "cypher"
      },
      {
        "name": "timeout",
        "type": "integer",
        "optional": true,
        "command": "TIMEOUT"
      }
    ],
    "since": "2.2.8",
    "group": "graph"
  },
  "GRAPH.DELETE": {
    "summary": "Completely removes the graph and all of its entities",
    "arguments": [
      {
        "name": "graph",
        "type": "key"
      }
    ],
    "since": "1.0.0",
    "group": "graph"
  },
  "GRAPH.EXPLAIN": {
    "summary": "Returns a query execution plan without running the query",
    "arguments": [
      {
        "name": "graph",
        "type": "key"
      },
      {
        "name": "query",
        "type": "string",
        "dsl": "cypher"
      }
    ],
    "since": "2.0.0",
    "group": "graph"
  },
  "GRAPH.PROFILE": {
    "summary": "Executes a query and returns an execution plan augmented with metrics for each operation's execution",
    "arguments": [
      {
        "name": "graph",
        "type": "key"
      },
      {
        "name": "query",
        "type": "string",
        "dsl": "cypher"
      },
      {
        "name": "timeout",
        "type": "integer",
        "optional": true,
        "command": "TIMEOUT"
      }
    ],
    "since": "2.0.0",
    "group": "graph"
  },
  "GRAPH.SLOWLOG": {
    "summary": "Returns a list containing up to 10 of the slowest queries issued against the given graph",
    "arguments": [
      {
        "name": "graph",
        "type": "key"
      }
    ],
    "since": "2.0.12",
    "group": "graph"
  },
  "GRAPH.CONFIG GET": {
    "summary": "Retrieves a RedisGraph configuration",
    "arguments": [
      {
        "name": "name",
        "type": "string"
      }
    ],
    "since": "2.2.11",
    "group": "graph"
  },
  "GRAPH.CONFIG SET": {
    "summary": "Updates a RedisGraph configuration",
    "arguments": [
      {
        "name": "name",
        "type": "string"
      },
      {
        "name": "value",
        "type": "string"
      }
    ],
    "since": "2.2.11",
    "group": "graph"
  },
  "GRAPH.LIST": {
    "summary": "Lists all graph keys in the keyspace",
    "arguments": [],
    "since": "2.4.3",
    "group": "graph"
  },
  "GRAPH.CONSTRAINT DROP": {
    "summary": "Deletes a constraint from specified graph",
    "since": "2.12.0",
    "group": "graph"
  },
  "GRAPH.CONSTRAINT CREATE": {
    "summary": "Creates a constraint on specified graph",
    "since": "2.12.0",
    "group": "graph"
  }
}